{
  "name": "decode",
  "version": "1.0.0",
  "author": "TIBCO Software Inc.",
  "type": "flogo:activity",
  "title": "Decode XML string to JSON string",

  "display": {
    "category": "XML",
    "visible": true,
    "smallIcon": "decode.png",
    "description": "This activity decodes a well-formed XML string to JSON string"
  },

  "ref": "github.com/mmussett/tci-flogo/extensions/xml/activity/decode",
  "settings": [
  ],
  "inputs": [
    {
      "name": "contentAsXml",
      "type": "string",
      "required": true
    }
  ],

  "outputs": [
    {
      "name": "contentAsJson",
      "type": "string"
    }
  ]
}